User Id,First Name,Last Name,Version,Insurance Company
1,John,Doe,1,Company A
2,Jane,Smith,1,Company B
3,Michael,Johnson,1,Company A
4,Emily,Williams,1,Company C
5,William,Jones,1,Company B
6,Emma,Brown,2,Company A
7,Alexander,Miller,1,Company C
8,Sophia,Davis,1,Company A
9,Ethan,Anderson,1,Company B
10,Olivia,Wilson,1,Company C
11,Liam,Taylor,2,Company A
12,Isabella,Thomas,1,Company B
13,Mason,Moore,1,Company A
14,Amelia,Jackson,1,Company C
15,Benjamin,White,1,Company B
16,Charlotte,Harris,3,Company A
17,Elijah,Martin,1,Company B
18,Harper,Thompson,2,Company C
19,Lucas,Garcia,1,Company A
20,Avery,Martinez,1,Company B
21,Logan,Robinson,1,Company C
22,Evelyn,Clark,1,Company B
23,James,Rodriguez,2,Company A
24,Mia,Lewis,1,Company B
25,Aiden,Hall,1,Company C
26,Abigail,Allen,1,Company A
27,Alexis,Young,1,Company B
28,Matthew,Hernandez,1,Company C
29,Samuel,King,1,Company A
30,Sophia,Wright,1,Company B
